,gambar,abjad
0,A_0.jpg,A
0,A_1.jpg,A
0,A_10.jpg,A
0,A_11.jpg,A
0,A_12.jpg,A
0,A_13.jpg,A
0,A_14.jpg,A
0,A_15.jpg,A
0,A_16.jpg,A
0,A_17.jpg,A
0,A_18.jpg,A
0,A_2.jpg,A
0,A_3.jpg,A
0,A_4.jpg,A
0,A_5.jpg,A
0,A_6.jpg,A
0,A_7.jpg,A
0,A_8.jpg,A
0,A_9.jpg,A
0,B_0.jpg,B
0,B_1.jpg,B
0,B_10.jpg,B
0,B_11.jpg,B
0,B_12.jpg,B
0,B_13.jpg,B
0,B_14.jpg,B
0,B_15.jpg,B
0,B_16.jpg,B
0,B_17.jpg,B
0,B_18.jpg,B
0,B_19.jpg,B
0,B_2.jpg,B
0,B_20.jpg,B
0,B_21.jpg,B
0,B_22.jpg,B
0,B_23.jpg,B
0,B_24.jpg,B
0,B_25.jpg,B
0,B_26.jpg,B
0,B_27.jpg,B
0,B_3.jpg,B
0,B_4.jpg,B
0,B_5.jpg,B
0,B_6.jpg,B
0,B_7.jpg,B
0,B_8.jpg,B
0,B_9.jpg,B
0,C_0.jpg,C
0,C_1.jpg,C
0,C_10.jpg,C
0,C_11.jpg,C
0,C_12.jpg,C
0,C_13.jpg,C
0,C_14.jpg,C
0,C_15.jpg,C
0,C_16.jpg,C
0,C_17.jpg,C
0,C_18.jpg,C
0,C_19.jpg,C
0,C_2.jpg,C
0,C_20.jpg,C
0,C_3.jpg,C
0,C_4.jpg,C
0,C_5.jpg,C
0,C_6.jpg,C
0,C_7.jpg,C
0,C_8.jpg,C
0,C_9.jpg,C
0,D_0.jpg,D
0,D_1.jpg,D
0,D_10.jpg,D
0,D_11.jpg,D
0,D_12.jpg,D
0,D_13.jpg,D
0,D_14.jpg,D
0,D_15.jpg,D
0,D_16.jpg,D
0,D_17.jpg,D
0,D_18.jpg,D
0,D_19.jpg,D
0,D_2.jpg,D
0,D_20.jpg,D
0,D_21.jpg,D
0,D_22.jpg,D
0,D_23.jpg,D
0,D_24.jpg,D
0,D_25.jpg,D
0,D_26.jpg,D
0,D_27.jpg,D
0,D_28.jpg,D
0,D_29.jpg,D
0,D_3.jpg,D
0,D_30.jpg,D
0,D_31.jpg,D
0,D_32.jpg,D
0,D_4.jpg,D
0,D_5.jpg,D
0,D_6.jpg,D
0,D_7.jpg,D
0,D_8.jpg,D
0,D_9.jpg,D
0,E_0.jpg,E
0,E_1.jpg,E
0,E_10.jpg,E
0,E_11.jpg,E
0,E_12.jpg,E
0,E_13.jpg,E
0,E_14.jpg,E
0,E_15.jpg,E
0,E_16.jpg,E
0,E_17.jpg,E
0,E_18.jpg,E
0,E_19.jpg,E
0,E_2.jpg,E
0,E_20.jpg,E
0,E_21.jpg,E
0,E_22.jpg,E
0,E_23.jpg,E
0,E_24.jpg,E
0,E_25.jpg,E
0,E_26.jpg,E
0,E_27.jpg,E
0,E_28.jpg,E
0,E_29.jpg,E
0,E_3.jpg,E
0,E_30.jpg,E
0,E_4.jpg,E
0,E_5.jpg,E
0,E_6.jpg,E
0,E_7.jpg,E
0,E_8.jpg,E
0,E_9.jpg,E
0,F_0.jpg,F
0,F_1.jpg,F
0,F_10.jpg,F
0,F_11.jpg,F
0,F_12.jpg,F
0,F_13.jpg,F
0,F_14.jpg,F
0,F_15.jpg,F
0,F_16.jpg,F
0,F_17.jpg,F
0,F_18.jpg,F
0,F_19.jpg,F
0,F_2.jpg,F
0,F_20.jpg,F
0,F_21.jpg,F
0,F_22.jpg,F
0,F_23.jpg,F
0,F_24.jpg,F
0,F_25.jpg,F
0,F_26.jpg,F
0,F_27.jpg,F
0,F_28.jpg,F
0,F_29.jpg,F
0,F_3.jpg,F
0,F_30.jpg,F
0,F_31.jpg,F
0,F_32.jpg,F
0,F_4.jpg,F
0,F_5.jpg,F
0,F_6.jpg,F
0,F_7.jpg,F
0,F_8.jpg,F
0,F_9.jpg,F
0,G_0.jpg,G
0,G_1.jpg,G
0,G_10.jpg,G
0,G_11.jpg,G
0,G_12.jpg,G
0,G_13.jpg,G
0,G_14.jpg,G
0,G_15.jpg,G
0,G_16.jpg,G
0,G_17.jpg,G
0,G_18.jpg,G
0,G_19.jpg,G
0,G_2.jpg,G
0,G_20.jpg,G
0,G_21.jpg,G
0,G_22.jpg,G
0,G_23.jpg,G
0,G_24.jpg,G
0,G_25.jpg,G
0,G_26.jpg,G
0,G_27.jpg,G
0,G_3.jpg,G
0,G_4.jpg,G
0,G_5.jpg,G
0,G_6.jpg,G
0,G_7.jpg,G
0,G_8.jpg,G
0,G_9.jpg,G
0,H_0.jpg,H
0,H_1.jpg,H
0,H_10.jpg,H
0,H_11.jpg,H
0,H_12.jpg,H
0,H_13.jpg,H
0,H_14.jpg,H
0,H_15.jpg,H
0,H_16.jpg,H
0,H_17.jpg,H
0,H_18.jpg,H
0,H_19.jpg,H
0,H_2.jpg,H
0,H_20.jpg,H
0,H_21.jpg,H
0,H_22.jpg,H
0,H_23.jpg,H
0,H_24.jpg,H
0,H_25.jpg,H
0,H_3.jpg,H
0,H_4.jpg,H
0,H_5.jpg,H
0,H_6.jpg,H
0,H_7.jpg,H
0,H_8.jpg,H
0,H_9.jpg,H
0,I_0.jpg,I
0,I_1.jpg,I
0,I_10.jpg,I
0,I_11.jpg,I
0,I_12.jpg,I
0,I_13.jpg,I
0,I_14.jpg,I
0,I_15.jpg,I
0,I_16.jpg,I
0,I_17.jpg,I
0,I_18.jpg,I
0,I_19.jpg,I
0,I_2.jpg,I
0,I_20.jpg,I
0,I_21.jpg,I
0,I_22.jpg,I
0,I_23.jpg,I
0,I_24.jpg,I
0,I_3.jpg,I
0,I_4.jpg,I
0,I_5.jpg,I
0,I_6.jpg,I
0,I_7.jpg,I
0,I_8.jpg,I
0,I_9.jpg,I
0,J_0.jpg,J
0,J_1.jpg,J
0,J_10.jpg,J
0,J_11.jpg,J
0,J_12.jpg,J
0,J_13.jpg,J
0,J_14.jpg,J
0,J_15.jpg,J
0,J_16.jpg,J
0,J_17.jpg,J
0,J_18.jpg,J
0,J_19.jpg,J
0,J_2.jpg,J
0,J_20.jpg,J
0,J_21.jpg,J
0,J_22.jpg,J
0,J_23.jpg,J
0,J_24.jpg,J
0,J_25.jpg,J
0,J_26.jpg,J
0,J_27.jpg,J
0,J_28.jpg,J
0,J_29.jpg,J
0,J_3.jpg,J
0,J_30.jpg,J
0,J_4.jpg,J
0,J_5.jpg,J
0,J_6.jpg,J
0,J_7.jpg,J
0,J_8.jpg,J
0,J_9.jpg,J
0,K_0.jpg,K
0,K_1.jpg,K
0,K_10.jpg,K
0,K_11.jpg,K
0,K_12.jpg,K
0,K_13.jpg,K
0,K_14.jpg,K
0,K_15.jpg,K
0,K_16.jpg,K
0,K_17.jpg,K
0,K_18.jpg,K
0,K_19.jpg,K
0,K_2.jpg,K
0,K_20.jpg,K
0,K_21.jpg,K
0,K_22.jpg,K
0,K_23.jpg,K
0,K_24.jpg,K
0,K_25.jpg,K
0,K_26.jpg,K
0,K_3.jpg,K
0,K_4.jpg,K
0,K_5.jpg,K
0,K_6.jpg,K
0,K_7.jpg,K
0,K_8.jpg,K
0,K_9.jpg,K
0,L_0.jpg,L
0,L_1.jpg,L
0,L_10.jpg,L
0,L_11.jpg,L
0,L_12.jpg,L
0,L_13.jpg,L
0,L_14.jpg,L
0,L_15.jpg,L
0,L_16.jpg,L
0,L_17.jpg,L
0,L_18.jpg,L
0,L_19.jpg,L
0,L_2.jpg,L
0,L_20.jpg,L
0,L_21.jpg,L
0,L_22.jpg,L
0,L_23.jpg,L
0,L_24.jpg,L
0,L_25.jpg,L
0,L_26.jpg,L
0,L_27.jpg,L
0,L_28.jpg,L
0,L_29.jpg,L
0,L_3.jpg,L
0,L_30.jpg,L
0,L_31.jpg,L
0,L_32.jpg,L
0,L_33.jpg,L
0,L_4.jpg,L
0,L_5.jpg,L
0,L_6.jpg,L
0,L_7.jpg,L
0,L_8.jpg,L
0,L_9.jpg,L
0,M_0.jpg,M
0,M_1.jpg,M
0,M_10.jpg,M
0,M_11.jpg,M
0,M_12.jpg,M
0,M_13.jpg,M
0,M_14.jpg,M
0,M_15.jpg,M
0,M_16.jpg,M
0,M_17.jpg,M
0,M_18.jpg,M
0,M_19.jpg,M
0,M_2.jpg,M
0,M_20.jpg,M
0,M_21.jpg,M
0,M_22.jpg,M
0,M_23.jpg,M
0,M_24.jpg,M
0,M_25.jpg,M
0,M_26.jpg,M
0,M_27.jpg,M
0,M_28.jpg,M
0,M_29.jpg,M
0,M_3.jpg,M
0,M_30.jpg,M
0,M_31.jpg,M
0,M_32.jpg,M
0,M_33.jpg,M
0,M_34.jpg,M
0,M_4.jpg,M
0,M_5.jpg,M
0,M_6.jpg,M
0,M_7.jpg,M
0,M_8.jpg,M
0,M_9.jpg,M
0,N_0.jpg,N
0,N_1.jpg,N
0,N_10.jpg,N
0,N_11.jpg,N
0,N_12.jpg,N
0,N_13.jpg,N
0,N_14.jpg,N
0,N_15.jpg,N
0,N_16.jpg,N
0,N_17.jpg,N
0,N_18.jpg,N
0,N_19.jpg,N
0,N_2.jpg,N
0,N_20.jpg,N
0,N_21.jpg,N
0,N_22.jpg,N
0,N_3.jpg,N
0,N_4.jpg,N
0,N_5.jpg,N
0,N_6.jpg,N
0,N_7.jpg,N
0,N_8.jpg,N
0,N_9.jpg,N
0,O_0.jpg,O
0,O_1.jpg,O
0,O_10.jpg,O
0,O_11.jpg,O
0,O_12.jpg,O
0,O_13.jpg,O
0,O_14.jpg,O
0,O_15.jpg,O
0,O_16.jpg,O
0,O_17.jpg,O
0,O_18.jpg,O
0,O_19.jpg,O
0,O_2.jpg,O
0,O_20.jpg,O
0,O_21.jpg,O
0,O_22.jpg,O
0,O_23.jpg,O
0,O_24.jpg,O
0,O_25.jpg,O
0,O_26.jpg,O
0,O_27.jpg,O
0,O_28.jpg,O
0,O_29.jpg,O
0,O_3.jpg,O
0,O_4.jpg,O
0,O_5.jpg,O
0,O_6.jpg,O
0,O_7.jpg,O
0,O_8.jpg,O
0,O_9.jpg,O
0,P_0.jpg,P
0,P_1.jpg,P
0,P_10.jpg,P
0,P_11.jpg,P
0,P_12.jpg,P
0,P_13.jpg,P
0,P_14.jpg,P
0,P_15.jpg,P
0,P_16.jpg,P
0,P_17.jpg,P
0,P_18.jpg,P
0,P_19.jpg,P
0,P_2.jpg,P
0,P_20.jpg,P
0,P_21.jpg,P
0,P_3.jpg,P
0,P_4.jpg,P
0,P_5.jpg,P
0,P_6.jpg,P
0,P_7.jpg,P
0,P_8.jpg,P
0,P_9.jpg,P
0,Q_0.jpg,Q
0,Q_1.jpg,Q
0,Q_10.jpg,Q
0,Q_11.jpg,Q
0,Q_12.jpg,Q
0,Q_13.jpg,Q
0,Q_14.jpg,Q
0,Q_15.jpg,Q
0,Q_16.jpg,Q
0,Q_17.jpg,Q
0,Q_18.jpg,Q
0,Q_19.jpg,Q
0,Q_2.jpg,Q
0,Q_20.jpg,Q
0,Q_21.jpg,Q
0,Q_22.jpg,Q
0,Q_23.jpg,Q
0,Q_24.jpg,Q
0,Q_25.jpg,Q
0,Q_26.jpg,Q
0,Q_27.jpg,Q
0,Q_28.jpg,Q
0,Q_29.jpg,Q
0,Q_3.jpg,Q
0,Q_30.jpg,Q
0,Q_31.jpg,Q
0,Q_32.jpg,Q
0,Q_4.jpg,Q
0,Q_5.jpg,Q
0,Q_6.jpg,Q
0,Q_7.jpg,Q
0,Q_8.jpg,Q
0,Q_9.jpg,Q
0,R_0.jpg,R
0,R_1.jpg,R
0,R_10.jpg,R
0,R_11.jpg,R
0,R_12.jpg,R
0,R_13.jpg,R
0,R_14.jpg,R
0,R_15.jpg,R
0,R_16.jpg,R
0,R_17.jpg,R
0,R_18.jpg,R
0,R_19.jpg,R
0,R_2.jpg,R
0,R_20.jpg,R
0,R_21.jpg,R
0,R_22.jpg,R
0,R_23.jpg,R
0,R_24.jpg,R
0,R_25.jpg,R
0,R_26.jpg,R
0,R_27.jpg,R
0,R_3.jpg,R
0,R_4.jpg,R
0,R_5.jpg,R
0,R_6.jpg,R
0,R_7.jpg,R
0,R_8.jpg,R
0,R_9.jpg,R
0,S_0.jpg,S
0,S_1.jpg,S
0,S_10.jpg,S
0,S_11.jpg,S
0,S_12.jpg,S
0,S_13.jpg,S
0,S_14.jpg,S
0,S_15.jpg,S
0,S_16.jpg,S
0,S_17.jpg,S
0,S_2.jpg,S
0,S_3.jpg,S
0,S_4.jpg,S
0,S_5.jpg,S
0,S_6.jpg,S
0,S_7.jpg,S
0,S_8.jpg,S
0,S_9.jpg,S
0,T_0.jpg,T
0,T_1.jpg,T
0,T_10.jpg,T
0,T_11.jpg,T
0,T_12.jpg,T
0,T_13.jpg,T
0,T_14.jpg,T
0,T_15.jpg,T
0,T_16.jpg,T
0,T_17.jpg,T
0,T_18.jpg,T
0,T_19.jpg,T
0,T_2.jpg,T
0,T_20.jpg,T
0,T_21.jpg,T
0,T_22.jpg,T
0,T_3.jpg,T
0,T_4.jpg,T
0,T_5.jpg,T
0,T_6.jpg,T
0,T_7.jpg,T
0,T_8.jpg,T
0,T_9.jpg,T
0,U_0.jpg,U
0,U_1.jpg,U
0,U_10.jpg,U
0,U_11.jpg,U
0,U_12.jpg,U
0,U_13.jpg,U
0,U_14.jpg,U
0,U_15.jpg,U
0,U_16.jpg,U
0,U_17.jpg,U
0,U_18.jpg,U
0,U_19.jpg,U
0,U_2.jpg,U
0,U_20.jpg,U
0,U_21.jpg,U
0,U_22.jpg,U
0,U_23.jpg,U
0,U_24.jpg,U
0,U_3.jpg,U
0,U_4.jpg,U
0,U_5.jpg,U
0,U_6.jpg,U
0,U_7.jpg,U
0,U_8.jpg,U
0,U_9.jpg,U
0,V_0.jpg,V
0,V_1.jpg,V
0,V_10.jpg,V
0,V_11.jpg,V
0,V_12.jpg,V
0,V_13.jpg,V
0,V_14.jpg,V
0,V_15.jpg,V
0,V_16.jpg,V
0,V_17.jpg,V
0,V_18.jpg,V
0,V_19.jpg,V
0,V_2.jpg,V
0,V_20.jpg,V
0,V_21.jpg,V
0,V_22.jpg,V
0,V_23.jpg,V
0,V_3.jpg,V
0,V_4.jpg,V
0,V_5.jpg,V
0,V_6.jpg,V
0,V_7.jpg,V
0,V_8.jpg,V
0,V_9.jpg,V
0,W_0.jpg,W
0,W_1.jpg,W
0,W_10.jpg,W
0,W_11.jpg,W
0,W_12.jpg,W
0,W_13.jpg,W
0,W_14.jpg,W
0,W_15.jpg,W
0,W_16.jpg,W
0,W_17.jpg,W
0,W_18.jpg,W
0,W_19.jpg,W
0,W_2.jpg,W
0,W_20.jpg,W
0,W_21.jpg,W
0,W_22.jpg,W
0,W_23.jpg,W
0,W_24.jpg,W
0,W_25.jpg,W
0,W_26.jpg,W
0,W_27.jpg,W
0,W_28.jpg,W
0,W_29.jpg,W
0,W_3.jpg,W
0,W_30.jpg,W
0,W_31.jpg,W
0,W_32.jpg,W
0,W_33.jpg,W
0,W_34.jpg,W
0,W_4.jpg,W
0,W_5.jpg,W
0,W_6.jpg,W
0,W_7.jpg,W
0,W_8.jpg,W
0,W_9.jpg,W
0,X_0.jpg,X
0,X_1.jpg,X
0,X_10.jpg,X
0,X_11.jpg,X
0,X_12.jpg,X
0,X_13.jpg,X
0,X_14.jpg,X
0,X_15.jpg,X
0,X_16.jpg,X
0,X_17.jpg,X
0,X_18.jpg,X
0,X_19.jpg,X
0,X_2.jpg,X
0,X_20.jpg,X
0,X_21.jpg,X
0,X_22.jpg,X
0,X_23.jpg,X
0,X_24.jpg,X
0,X_25.jpg,X
0,X_3.jpg,X
0,X_4.jpg,X
0,X_5.jpg,X
0,X_6.jpg,X
0,X_7.jpg,X
0,X_8.jpg,X
0,X_9.jpg,X
0,Y_0.jpg,Y
0,Y_1.jpg,Y
0,Y_10.jpg,Y
0,Y_11.jpg,Y
0,Y_12.jpg,Y
0,Y_13.jpg,Y
0,Y_14.jpg,Y
0,Y_15.jpg,Y
0,Y_16.jpg,Y
0,Y_17.jpg,Y
0,Y_18.jpg,Y
0,Y_19.jpg,Y
0,Y_2.jpg,Y
0,Y_20.jpg,Y
0,Y_21.jpg,Y
0,Y_22.jpg,Y
0,Y_3.jpg,Y
0,Y_4.jpg,Y
0,Y_5.jpg,Y
0,Y_6.jpg,Y
0,Y_7.jpg,Y
0,Y_8.jpg,Y
0,Y_9.jpg,Y
0,Z_0.jpg,Z
0,Z_1.jpg,Z
0,Z_10.jpg,Z
0,Z_11.jpg,Z
0,Z_12.jpg,Z
0,Z_13.jpg,Z
0,Z_14.jpg,Z
0,Z_15.jpg,Z
0,Z_16.jpg,Z
0,Z_17.jpg,Z
0,Z_18.jpg,Z
0,Z_19.jpg,Z
0,Z_2.jpg,Z
0,Z_20.jpg,Z
0,Z_21.jpg,Z
0,Z_22.jpg,Z
0,Z_23.jpg,Z
0,Z_24.jpg,Z
0,Z_25.jpg,Z
0,Z_26.jpg,Z
0,Z_27.jpg,Z
0,Z_28.jpg,Z
0,Z_3.jpg,Z
0,Z_4.jpg,Z
0,Z_5.jpg,Z
0,Z_6.jpg,Z
0,Z_7.jpg,Z
0,Z_8.jpg,Z
0,Z_9.jpg,Z
